500 50 Avenue SW, Calgary, Alberta
120 Na'a Crescent SW Calgary Canada
Marina Drive, Westmere, Chestermere, Alberta, T1X 0S1, Canada
149 Livingston Hill, NE
Gilchrist Apartments North 511 Pinestream Place NE Calgary
503 Pinestream Place NE, Calgary
#100, 7670 - 4A Street SW, Calgary, AB, Canada
3520 31 ST. NW, Brentwood, Calgary, Alberta, Canada
8720 Scurfield Dr NW, North West, Calgary, Alberta, Canada
2622 39th Ave NE, Horizon, Calgary, Alberta, Canada
5200 53 Ave NW Calgary, Varsity, Calgary, Alberta, Canada
Templemont Circle NE, Temple, Calgary, Alberta, T1Y 5A9, Canada
2637-25 St SW, Calgary, Alberta, Canada
2808-25 St SW, Calgary, Alberta, Canada
1111-68 Ave SW, Calgary, Calgary, Alberta, Canada
614 57 Ave SW, Calgary, Calgary, Alberta, Canada
150 Evanspark Manor NW, Evanston, Calgary, Alberta, Canada
4485 Front Street SE, Across From The South Health Campus, Calgary, Alberta, Canada
11479 Valley Ridge Drive NW, Calgary, Calgary, Alberta, Canada
905 Prominence Way SW, Calgary, Alberta, Canada
3008 - 51 Street SW, Calgary, Alberta, Canada
3118 34 Ave, Calgary, Alberta, Canada
14720 1st Street SE, Calgary, Alberta, Canada
51 Providence Boulevard SE, Calgary Alberta
14911 5 Street SW, Southwest Calgary, Calgary, Alberta, Canada
200 - 1 Street SW, Downtown, Calgary, Alberta, Canada
3250 28 Street SW, Calgary, Alberta, Canada
113 18A Street NW, Calgary, Alberta, Canada
7735 Bowness Road NW, Calgary, Alberta, Canada
20 Shawnee Hill SW, Shawnessy, Calgary, Alberta, Canada
5353 Crowchild Trail NW, Varsity, Calgary, Alberta, Canada
6700 Hunterview Dr NW, Huntington Hills, Calgary, Alberta, Canada
450 Rocky Vista Gardens NW, Rocky Ridge, Calgary, Alberta, Canada
1858 Sirocco Dr SW, South West, Calgary, Alberta, Canada
174 Ypres Green SW, Garrison Woods, Calgary, Alberta, Canada
2400 Sorrel Mews SW, Garrison Woods, Calgary, Alberta, Canada
40 Evanston Way NW, Evanston, Calgary, Alberta, Canada
6 Sage Hill Gardens NW, Sage Hill, Calgary, Alberta, Canada
10 Aspenshire Drive SW, Aspen Woods, Calgary, Alberta, Canada
10715 Rocky Ridge Blvd. NW, Calgary, Alberta, Canada
3000 51st Street SW, Southwest, Calgary, Alberta, Canada
120 - 2nd Avenue SW, Chinatown / Downtown, Calgary, Alberta, Canada
270 Walden Drive SE, Walden, Calgary, Alberta, Canada
4963 Front Street SE, Calgary, Alberta, Canada
500 Midpark Way SE, Calgary, Alberta, Canada
3010 51st Street SW, Calgary, Alberta, Canada
3139 Bowwood Dr NW, Calgary, Alberta, Canada
255 17 Ave NE, Calgary, Alberta, Canada
120 18 Ave NW, Calgary, Alberta, Canada
8847 Fairmount Drive SE, Calgary, Alberta, Canada
916 18A Street NW, West Hillhurst, Calgary, Alberta, Canada
2939 26 Avenue SE, Dover, Calgary, Alberta, Canada
2933 26 Avenue SE, Dover, Calgary, Alberta, Canada
2528 Bowness Road NW, Bowness, Calgary, Alberta, Canada
2945 26 Avenue SE, Dover, Calgary, Alberta, Canada
240 Lincoln Way SW, Lincoln Park, Calgary, Alberta, Canada
3 Sunmills Green SE, Sundance, Calgary, Alberta, Canada
285030 Luther Rose Blvd. NE, Northeast, Calgary, Alberta, Canada
3028 Don Ethell Boulevard SW, Garrison Green, Calgary, Alberta, Canada
110 Evanspark Manor NW, Community Of Evanston, North West Calgary, Calgary, Alberta, Canada
3603 63 Street NW, Bowness, Calgary, Alberta, Canada
1518 8 Avenue NW, Calgary, Alberta, Canada
5050 50 Avenue SW, Calgary, Alberta, Canada
1028 15th Avenue SW, Calgary, Alberta, Canada
923 19 Ave SE, Calgary, Alberta, Canada
1220 2 St. SW, Calgary, Alberta, Canada
107, 1320 8 Ave. SE, Calgary, Alberta, Canada
906 17 Ave SE, Calgary, Alberta, Canada
1401 11 Ave SE, Calgary, Alberta, Canada
1506 9th Street SW, Calgary, Alberta, Canada
124 15th Avenue SE, Calgary, Alberta, Canada
3600 Sarcee Road SW, Calgary, Alberta, Canada
1826 - 16A St. SW, Calgary, Alberta, Canada
30 Shannon Place SW, Calgary, Alberta, Canada
1055 Bow Valley Drive NE, Bridgeland, Calgary, Alberta, Canada
4730 19 Avenue NW, Montgomery, Calgary, Alberta, Canada
717 - 1 Ave. SW, Calgary, Alberta, Canada
2611 - 15 Ave. SE, Calgary, Alberta, Canada
1111 Glenmore Trail SW, Calgary, Alberta, Canada
11800 Lake Fraser Dr. SE, Calgary, Alberta, Canada
70 Evanspark Manor, Calgary, Alberta, Canada
4811 Niven Road N.W., Northwest, Calgary, Alberta, Canada
400 40 Avenue N.W., Northwest, Calgary, Alberta, Canada
1603 - 90 Ave. SW, Calgary, Alberta, Canada
5717 14 Avenue SW, Calgary, Alberta, Canada
115, 7915 - 43 Ave. NW, Bowness, Calgary, Alberta, Canada
1720 - 14th Avenue N.E, Calgary, Alberta, Canada
1540 Northmount Drive N.W, Calgary, Alberta, Canada
2040 - 54th Avenue S.W, Calgary, Alberta, Canada
3211 Edmonton Trail N.E, Calgary, Alberta, Canada
40 - 11A Street N.E, Calgary, Alberta, Canada
240 92nd Avenue SE, Calgary, Alberta, Canada
5320 4th Street SW, Calgary, Alberta, Canada
301 7th Street SW, Calgary, Alberta, Calgary, Alberta, Canada
132 Madeira Road NE, Calgary, Alberta, Canada
602 - 1 Street SE, Calgary, Alberta, Canada
2403 - 2 Avenue NW, Calgary, Alberta, Canada
1720 - 9A Street SW, Calgary, Alberta, Canada
807 - 6 Street SE, Calgary, Alberta, Canada
808 - 5 Street SE, Calgary, Alberta, Canada
344 - 9 Avenue SE, Calgary, Alberta, Canada
2420 - 2 Avenue NW, Calgary, Alberta, Canada
1234 21 Avenue NW, Calgary, Alberta, Canada
5700 - 3 Street SW, Calgary, Alberta, Canada
4211 Richmond Rd SW, Calgary, Alberta, Canada
222 Coral Keys VI, NE, Calgary, Calgary, Alberta, Canada
1168 Ranchlands Blvd, Calgary, Alberta, Canada
5200 44 Ave NE, Whitehorn NE, Calgary, Alberta, Canada
80 Edenwold Dr. SW, Calgary, Alberta, Canada
150 Scotia Landing NW, Calgary, Alberta, Canada
20 Promanade Park SE, Calgary, Alberta, Canada
9229 - 16 St. SW, Calgary, Alberta, Canada
750 49 Ave SW, Calgary, Alberta, Canada
307 35 Ave NE, Greenview, Calgary, Alberta, Canada
4315 Richardson Road SW, Calgary, Alberta, Canada
20 Country Village Cove NE, Calgary, Alberta, Canada
222 25th Avenue, Southwest, Calgary, Alberta, Canada
1945 Veteran’s Way NW, Northwest, Calgary, Alberta, Canada
3400 Spruce Drive SW, Southwest, Calgary, Alberta, Canada
3712 37 Street SW, Soutwest, Calgary, Alberta, Canada
520 34 Street NW, Northwest, Calgary, Alberta, Canada
11 Varsity Estates View NW, Northwest, Calgary, Alberta, Canada
2635 Eversyde Avenue SW, Calgary, Alberta, Canada
1633 20 Avenue NW, Capitol Hill, Calgary, Alberta, Canada
1171 Bow Valley Lane NE, Bridgeland, Calgary, Alberta, Canada
10660 Elbow Drive SW, Southwood, Calgary, Alberta, Canada
2012 - 66 Avenue SE, Lynnwood, Calgary, Alberta, Canada
2012 - 66 Avenue SE, Lynnwood, Calgary, Alberta, Canada
1020 Bow Valley Drive NE, Bridgeland, Calgary, Alberta, Canada
1020 Bow Valley Drive NE, Bridgeland, Calgary, Alberta, Canada
1818 - 28 Avenue SW, South Calgary, Calgary, Alberta, Canada
828 - 4 Street NE, Regal Terrace, Calgary, Alberta, Canada
1923 33 Street SW, Killarney, Calgary, Alberta, Canada
3003 - 56 Street NE, Pineridge, Calgary, Alberta, Canada
207, 209, 211 - 21 Avenue NE, Tuxedo Park, Calgary, Alberta, Canada
710 - 16 Avenue NE, Winston Heights/Mountain View, Calgary, Alberta, Canada
4500 47 Street SW, Glamorgan, Calgary, Alberta, Canada
4003 46 Street NW Calgary Alberta
30 - 11 Street NE, Bridgeland, Calgary, Alberta, Canada
2220 - 162 Avenue SW, Southwest, Calgary, Alberta, Canada
#220 877 - 64 Avenue NW, Calgary, Alberta, Canada
21 Auburn Bay Street Southeast, Auburn Bay, Calgary, Alberta, Canada
